<?xml version="1.0" encoding="UTF-8"?>
<DALI name="mydali">
  <Directories name="HPCCSystems">
   <Category dir="/var/log/[NAME]/[INST]" name="log"/>
   <Category dir="/var/lib/[NAME]/[INST]" name="run"/>
   <Category dir="/etc/[NAME]/[INST]" name="conf"/>
   <Category dir="/var/lib/[NAME]/[INST]/temp" name="temp"/>
   <Category dir="/var/lib/[NAME]/hpcc-data/[COMPONENT]" name="data"/>
   <Category dir="/var/lib/[NAME]/hpcc-data2/[COMPONENT]" name="data2"/>
   <Category dir="/var/lib/[NAME]/hpcc-data3/[COMPONENT]" name="data3"/>
   <Category dir="/var/lib/[NAME]/hpcc-data4/[COMPONENT]" name="data4"/>
   <Category dir="/var/lib/[NAME]/hpcc-mirror/[COMPONENT]" name="mirror"/>
   <Category dir="/var/lib/[NAME]/queries/[INST]" name="query"/>
   <Category dir="/var/lock/[NAME]/[INST]" name="lock"/>
  </Directories>
  <SDS store="dalisds.xml" caseInsensitive="0" enableSysLog="0" enableSNMP="0" snmpSendWarnings="0" recoverFromIncErrors="1" lCIdlePeriod="" lCIdleRate="" lCMinTime="" lCQuietStartTime="" lCQuietEndTime="" environment="/etc/HPCCSystems/environment.xml" asyncBackup="0" useNFSBackupMount="0"/>
  <DFS/>
  <Coven store="dalicoven.xml">
    <Alerts>
      <SNMPalert type="Processor" trigger="" warning="" minor="" major="" critical=""/>
      <SNMPalert type="VirtualMemory" warning="" minor="" major="" critical=""/>
      <SNMPalert type="Disk1" warning="" minor="" major="" critical=""/>
      <SNMPalert type="Disk2" warning="" minor="" major="" critical=""/>
      <SNMPalert type="Threads" warning="" minor="" major="" critical=""/>
    </Alerts>
  </Coven>
</DALI>
