<CRC>2724010110</CRC><SIZE>000000000000415C</SIZE><Header path="/">
 <Delta>
  <T>
   <T localValue="1" name="Groups" new="1"/>
   <T localValue="1" name="JobQueues" new="1"/>
   <T localValue="1" name="Locks" new="1"/>
   <T localValue="1" name="Files" new="1">
    <T localValue="1" name="Relationships" new="1"/>
   </T>
   <T localValue="1" name="Status" new="1">
    <T localValue="1" name="Servers" new="1"/>
   </T>
   <T localValue="1" name="Queues" new="1"/>
   <T localValue="1" name="WorkUnits" new="1"/>
   <T localValue="1" name="DFU" new="1">
    <T localValue="1" name="WorkUnits" new="1"/>
    <T localValue="1" name="RECOVERY" new="1"/>
   </T>
  </T>
 </Delta>
</Header>
<Header path="/Groups[1]">
 <Delta>
  <T>
   <T localValue="1" name="Group" new="1">
    <AC cluster="1" kind="Thor" name="mythor"/>
    <T localValue="1" name="Node" new="1">
     <AC ip="192.168.154.139"/>
    </T>
   </T>
   <T localValue="1" name="Group" new="1">
    <AC cluster="1" kind="Roxie" name="myroxie"/>
    <T localValue="1" name="Node" new="1">
     <AC ip="192.168.154.139"/>
    </T>
   </T>
   <T localValue="1" name="Group" new="1">
    <AC cluster="1" kind="hthor" name="hthor__myeclagent"/>
    <T localValue="1" name="Node" new="1">
     <AC ip="192.168.154.139"/>
    </T>
   </T>
  </T>
 </Delta>
</Header>
<Header path="/Status[1]/Servers[1]">
 <Delta>
  <T>
   <T name="Server" new="1"/>
  </T>
 </Delta>
</Header>
<Header path="/Status[1]/Servers[1]/Server[1]">
 <Delta>
  <T>
   <AC mpport="7366"
       name="DFUserver"
       node="192.168.154.139"
       started="2015-04-02T16:02:37"/>
  </T>
 </Delta>
</Header>
<Header path="/Status[1]/Servers[1]/Server[1]">
 <Delta>
  <T>
   <T localValue="1" name="Queue" new="1">
    <AC name="dfuserver_queue" num="1"/>
   </T>
  </T>
 </Delta>
</Header>
<Header path="/JobQueues[1]">
 <Delta>
  <T>
   <T localValue="1" name="Queue" new="1">
    <AC count="0" name="dfuserver_queue" state="active"/>
    <T localValue="1" name="Edition" new="1">
     1
    </T>
   </T>
  </T>
 </Delta>
</Header>
<Header path="/JobQueues[1]">
 <Delta>
  <T>
   <T localValue="1" name="Queue" new="1">
    <AC count="0" name="dfuserver_monitor_queue" state="active"/>
    <T localValue="1" name="Edition" new="1">
     1
    </T>
   </T>
  </T>
 </Delta>
</Header>
<Header path="/Status[1]/Servers[1]/Server[1]">
 <Delta>
  <T>
   <T localValue="1" name="MonitorQueue" new="1">
    <AC name="dfuserver_monitor_queue"/>
   </T>
  </T>
 </Delta>
</Header>
<Header path="/JobQueues[1]/Queue[1]">
 <Delta>
  <T>
   <T localValue="1" name="Client" new="1">
    <AC connected="1" node="192.168.154.139:7366" session="4294967305"/>
   </T>
   <T localValue="1" name="Edition" pos="1">
    2
   </T>
  </T>
 </Delta>
</Header>
<Header path="/JobQueues[1]/Queue[1]">
 <Delta>
  <T>
   <T name="Client" pos="1">
    <AC waiting="1"/>
   </T>
  </T>
 </Delta>
</Header>
<Header path="/JobQueues[1]/Queue[2]">
 <Delta>
  <T>
   <T localValue="1" name="Client" new="1">
    <AC connected="1" node="192.168.154.139:7366" session="4294967305"/>
   </T>
   <T localValue="1" name="Edition" pos="1">
    2
   </T>
  </T>
 </Delta>
</Header>
<Header path="/JobQueues[1]/Queue[2]">
 <Delta>
  <T>
   <T name="Client" pos="1">
    <AC waiting="1"/>
   </T>
  </T>
 </Delta>
</Header>
<Header path="/JobQueues[1]">
 <Delta>
  <T>
   <T localValue="1" name="Queue" new="1">
    <AC count="0" name="hthor.agent" state="active"/>
    <T localValue="1" name="Edition" new="1">
     1
    </T>
   </T>
  </T>
 </Delta>
</Header>
<Header path="/JobQueues[1]">
 <Delta>
  <T>
   <T localValue="1" name="Queue" new="1">
    <AC count="0" name="thor.agent" state="active"/>
    <T localValue="1" name="Edition" new="1">
     1
    </T>
   </T>
  </T>
 </Delta>
</Header>
<Header path="/JobQueues[1]/Queue[3]">
 <Delta>
  <T>
   <T localValue="1" name="Client" new="1">
    <AC connected="1" node="192.168.154.139:7276" session="4294968372"/>
   </T>
   <T localValue="1" name="Edition" pos="1">
    2
   </T>
  </T>
 </Delta>
</Header>
<Header path="/JobQueues[1]/Queue[4]">
 <Delta>
  <T>
   <T localValue="1" name="Client" new="1">
    <AC connected="1" node="192.168.154.139:7276" session="4294968372"/>
   </T>
   <T localValue="1" name="Edition" pos="1">
    2
   </T>
  </T>
 </Delta>
</Header>
<Header path="/Status[1]/Servers[1]">
 <Delta>
  <T>
   <T name="Server" new="1"/>
  </T>
 </Delta>
</Header>
<Header path="/Status[1]/Servers[1]/Server[2]">
 <Delta>
  <T>
   <AC mpport="7276"
       name="HThorServer"
       node="192.168.154.139"
       started="2015-04-02T16:02:38"/>
  </T>
 </Delta>
</Header>
<Header path="/Status[1]/Servers[1]/Server[2]">
 <Delta>
  <T>
   <AC cluster="myeclagent" queue="hthor.agent,thor.agent"/>
  </T>
 </Delta>
</Header>
<Header path="/JobQueues[1]/Queue[3]">
 <Delta>
  <T>
   <T name="Client" pos="1">
    <AC waiting="1"/>
   </T>
  </T>
 </Delta>
</Header>
<Header path="/JobQueues[1]/Queue[4]">
 <Delta>
  <T>
   <T name="Client" pos="1">
    <AC waiting="1"/>
   </T>
  </T>
 </Delta>
</Header>
<Header path="/Status[1]/Servers[1]">
 <Delta>
  <T>
   <T name="Server" new="1"/>
  </T>
 </Delta>
</Header>
<Header path="/Status[1]/Servers[1]/Server[3]">
 <Delta>
  <T>
   <AC mpport="7152"
       name="ECLCCserver"
       node="192.168.154.139"
       started="2015-04-02T16:02:41"/>
  </T>
 </Delta>
</Header>
<Header path="/Status[1]/Servers[1]/Server[3]">
 <Delta>
  <T>
   <AC queue="hthor.eclserver,thor.eclserver,roxie.eclserver,thor_roxie.eclserver"/>
  </T>
 </Delta>
</Header>
<Header path="/JobQueues[1]">
 <Delta>
  <T>
   <T localValue="1" name="Queue" new="1">
    <AC count="0" name="hthor.eclserver" state="active"/>
    <T localValue="1" name="Edition" new="1">
     1
    </T>
   </T>
  </T>
 </Delta>
</Header>
<Header path="/JobQueues[1]">
 <Delta>
  <T>
   <T localValue="1" name="Queue" new="1">
    <AC count="0" name="thor.eclserver" state="active"/>
    <T localValue="1" name="Edition" new="1">
     1
    </T>
   </T>
  </T>
 </Delta>
</Header>
<Header path="/JobQueues[1]">
 <Delta>
  <T>
   <T localValue="1" name="Queue" new="1">
    <AC count="0" name="roxie.eclserver" state="active"/>
    <T localValue="1" name="Edition" new="1">
     1
    </T>
   </T>
  </T>
 </Delta>
</Header>
<Header path="/JobQueues[1]">
 <Delta>
  <T>
   <T localValue="1" name="Queue" new="1">
    <AC count="0" name="thor_roxie.eclserver" state="active"/>
    <T localValue="1" name="Edition" new="1">
     1
    </T>
   </T>
  </T>
 </Delta>
</Header>
<Header path="/JobQueues[1]/Queue[5]">
 <Delta>
  <T>
   <T localValue="1" name="Client" new="1">
    <AC connected="1" node="192.168.154.139:7152" session="4294969442"/>
   </T>
   <T localValue="1" name="Edition" pos="1">
    2
   </T>
  </T>
 </Delta>
</Header>
<Header path="/JobQueues[1]/Queue[6]">
 <Delta>
  <T>
   <T localValue="1" name="Client" new="1">
    <AC connected="1" node="192.168.154.139:7152" session="4294969442"/>
   </T>
   <T localValue="1" name="Edition" pos="1">
    2
   </T>
  </T>
 </Delta>
</Header>
<Header path="/JobQueues[1]/Queue[7]">
 <Delta>
  <T>
   <T localValue="1" name="Client" new="1">
    <AC connected="1" node="192.168.154.139:7152" session="4294969442"/>
   </T>
   <T localValue="1" name="Edition" pos="1">
    2
   </T>
  </T>
 </Delta>
</Header>
<Header path="/JobQueues[1]/Queue[8]">
 <Delta>
  <T>
   <T localValue="1" name="Client" new="1">
    <AC connected="1" node="192.168.154.139:7152" session="4294969442"/>
   </T>
   <T localValue="1" name="Edition" pos="1">
    2
   </T>
  </T>
 </Delta>
</Header>
<Header path="/JobQueues[1]/Queue[5]">
 <Delta>
  <T>
   <T name="Client" pos="1">
    <AC waiting="1"/>
   </T>
  </T>
 </Delta>
</Header>
<Header path="/JobQueues[1]/Queue[6]">
 <Delta>
  <T>
   <T name="Client" pos="1">
    <AC waiting="1"/>
   </T>
  </T>
 </Delta>
</Header>
<Header path="/JobQueues[1]/Queue[7]">
 <Delta>
  <T>
   <T name="Client" pos="1">
    <AC waiting="1"/>
   </T>
  </T>
 </Delta>
</Header>
<Header path="/JobQueues[1]/Queue[8]">
 <Delta>
  <T>
   <T name="Client" pos="1">
    <AC waiting="1"/>
   </T>
  </T>
 </Delta>
</Header>
<Header path="/">
 <Delta>
  <T>
   <T name="Schedule" new="1">
    <T name="hthor" new="1"/>
   </T>
  </T>
 </Delta>
</Header>
<Header path="/Queues[1]">
 <Delta>
  <T>
   <T name="Queue" new="1"/>
  </T>
 </Delta>
</Header>
<Header path="/Queues[1]/Queue[1]">
 <Delta>
  <T>
   <AC count="0" name="hthor.schedule"/>
  </T>
 </Delta>
</Header>
<Header path="/Schedule[1]">
 <Delta>
  <T>
   <T name="thor" new="1"/>
  </T>
 </Delta>
</Header>
<Header path="/Queues[1]">
 <Delta>
  <T>
   <T name="Queue" new="1"/>
  </T>
 </Delta>
</Header>
<Header path="/Queues[1]/Queue[2]">
 <Delta>
  <T>
   <AC count="0" name="thor.schedule"/>
  </T>
 </Delta>
</Header>
<Header path="/Schedule[1]">
 <Delta>
  <T>
   <T name="roxie" new="1"/>
  </T>
 </Delta>
</Header>
<Header path="/Queues[1]">
 <Delta>
  <T>
   <T name="Queue" new="1"/>
  </T>
 </Delta>
</Header>
<Header path="/Queues[1]/Queue[3]">
 <Delta>
  <T>
   <AC count="0" name="roxie.schedule"/>
  </T>
 </Delta>
</Header>
<Header path="/Schedule[1]">
 <Delta>
  <T>
   <T name="thor_roxie" new="1"/>
  </T>
 </Delta>
</Header>
<Header path="/Queues[1]">
 <Delta>
  <T>
   <T name="Queue" new="1"/>
  </T>
 </Delta>
</Header>
<Header path="/Queues[1]/Queue[4]">
 <Delta>
  <T>
   <AC count="0" name="thor_roxie.schedule"/>
  </T>
 </Delta>
</Header>
<Header path="/Status[1]/Servers[1]">
 <Delta>
  <T>
   <T name="Server" new="1"/>
  </T>
 </Delta>
</Header>
<Header path="/Status[1]/Servers[1]/Server[4]">
 <Delta>
  <T>
   <AC mpport="7406"
       name="ESPserver"
       node="192.168.154.139"
       started="2015-04-02T16:02:43"/>
  </T>
 </Delta>
</Header>
<Header path="">
 <Delta>
  <T>
   <T name="QuerySets" new="1"/>
  </T>
 </Delta>
</Header>
<Header path="/">
 <Delta>
  <T>
   <T localValue="1" name="ESDL" new="1"/>
  </T>
 </Delta>
</Header>
<Header path="/Status[1]/Servers[1]/Server[4]">
 <Delta>
  <T>
   <T localValue="1" name="ESPservice" new="1">
    <AC name="WsSMC_EclWatch_myesp" port="8010" type="WsSMC"/>
   </T>
  </T>
 </Delta>
</Header>
<Header path="/Status[1]/Servers[1]/Server[4]">
 <Delta>
  <T>
   <T localValue="1" name="ESPservice" new="1">
    <AC name="WsWorkunits_EclWatch_myesp" port="8010" type="WsWorkunits"/>
   </T>
  </T>
 </Delta>
</Header>
<Header path="/Status[1]/Servers[1]/Server[4]">
 <Delta>
  <T>
   <T localValue="1" name="ESPservice" new="1">
    <AC name="WsTopology_EclWatch_myesp" port="8010" type="WsTopology"/>
   </T>
  </T>
 </Delta>
</Header>
<Header path="/Status[1]/Servers[1]/Server[4]">
 <Delta>
  <T>
   <T localValue="1" name="ESPservice" new="1">
    <AC name="WsDfu_EclWatch_myesp" port="8010" type="WsDfu"/>
   </T>
  </T>
 </Delta>
</Header>
<Header path="/Status[1]/Servers[1]/Server[4]">
 <Delta>
  <T>
   <T localValue="1" name="ESPservice" new="1">
    <AC name="WsDfuXRef_EclWatch_myesp" port="8010" type="WsDFUXRef"/>
   </T>
  </T>
 </Delta>
</Header>
<Header path="/Status[1]/Servers[1]/Server[4]">
 <Delta>
  <T>
   <T localValue="1" name="ESPservice" new="1">
    <AC name="ecldirect_EclWatch_myesp" port="8010" type="EclDirect"/>
   </T>
  </T>
 </Delta>
</Header>
<Header path="/Status[1]/Servers[1]/Server[4]">
 <Delta>
  <T>
   <T localValue="1" name="ESPservice" new="1">
    <AC name="FileSpray_Serv_EclWatch_myesp" port="8010" type="FileSpray"/>
   </T>
  </T>
 </Delta>
</Header>
<Header path="/Status[1]/Servers[1]/Server[4]">
 <Delta>
  <T>
   <T localValue="1" name="ESPservice" new="1">
    <AC name="WsFileIO_EclWatch_myesp" port="8010" type="WsFileIO"/>
   </T>
  </T>
 </Delta>
</Header>
<Header path="/Status[1]/Servers[1]/Server[4]">
 <Delta>
  <T>
   <T localValue="1" name="ESPservice" new="1">
    <AC name="WsPackageProcess_EclWatch_myesp" port="8010" type="WsPackageProcess"/>
   </T>
  </T>
 </Delta>
</Header>
<Header path="/Status[1]/Servers[1]/Server[4]">
 <Delta>
  <T>
   <T localValue="1" name="ESPservice" new="1">
    <AC name="ws_machine_EclWatch_myesp" port="8010" type="ws_machine"/>
   </T>
  </T>
 </Delta>
</Header>
<Header path="/Status[1]/Servers[1]/Server[4]">
 <Delta>
  <T>
   <T localValue="1" name="ESPservice" new="1">
    <AC name="ws_account_EclWatch_myesp" port="8010" type="ws_account"/>
   </T>
  </T>
 </Delta>
</Header>
<Header path="/Status[1]/Servers[1]/Server[4]">
 <Delta>
  <T>
   <T localValue="1" name="ESPservice" new="1">
    <AC name="ws_access_EclWatch_myesp" port="8010" type="ws_access"/>
   </T>
  </T>
 </Delta>
</Header>
<Header path="/Status[1]/Servers[1]/Server[4]">
 <Delta>
  <T>
   <T localValue="1" name="ESPservice" new="1">
    <AC name="ws_config_EclWatch_myesp" port="8010" type="ws_config"/>
   </T>
  </T>
 </Delta>
</Header>
<Header path="/Status[1]/Servers[1]/Server[4]">
 <Delta>
  <T>
   <T localValue="1" name="ESPservice" new="1">
    <AC name="ws_esdlconfig_EclWatch_myesp" port="8010" type="WsESDLConfig"/>
   </T>
  </T>
 </Delta>
</Header>
<Header path="/Status[1]/Servers[1]/Server[4]">
 <Delta>
  <T>
   <T localValue="1" name="ESPservice" new="1">
    <AC name="ws_ecl_ws_ecl_myesp" port="8002" type="ws_ecl"/>
   </T>
  </T>
 </Delta>
</Header>
<Header path="/Status[1]/Servers[1]">
 <Delta>
  <T>
   <T name="Server" new="1"/>
  </T>
 </Delta>
</Header>
<Header path="/Status[1]/Servers[1]/Server[5]">
 <Delta>
  <T>
   <AC mpport="7353"
       name="RoxieServer"
       node="192.168.154.139"
       started="2015-04-02T16:02:44"/>
  </T>
 </Delta>
</Header>
<Header path="/Status[1]/Servers[1]/Server[5]">
 <Delta>
  <T>
   <AC cluster="myroxie"/>
  </T>
 </Delta>
</Header>
<Header path="/JobQueues[1]">
 <Delta>
  <T>
   <T localValue="1" name="Queue" new="1">
    <AC count="0" name="roxie.roxie" state="active"/>
    <T localValue="1" name="Edition" new="1">
     1
    </T>
   </T>
  </T>
 </Delta>
</Header>
<Header path="/JobQueues[1]">
 <Delta>
  <T>
   <T localValue="1" name="Queue" new="1">
    <AC count="0" name="thor_roxie.roxie" state="active"/>
    <T localValue="1" name="Edition" new="1">
     1
    </T>
   </T>
  </T>
 </Delta>
</Header>
<Header path="/JobQueues[1]/Queue[9]">
 <Delta>
  <T>
   <T localValue="1" name="Client" new="1">
    <AC connected="1" node="192.168.154.139:7353" session="4294972682"/>
   </T>
   <T localValue="1" name="Edition" pos="1">
    2
   </T>
  </T>
 </Delta>
</Header>
<Header path="/JobQueues[1]/Queue[10]">
 <Delta>
  <T>
   <T localValue="1" name="Client" new="1">
    <AC connected="1" node="192.168.154.139:7353" session="4294972682"/>
   </T>
   <T localValue="1" name="Edition" pos="1">
    2
   </T>
  </T>
 </Delta>
</Header>
<Header path="/Status[1]/Servers[1]/Server[5]">
 <Delta>
  <T>
   <AC queue="roxie.roxie,thor_roxie.roxie"/>
  </T>
 </Delta>
</Header>
<Header path="/JobQueues[1]/Queue[9]">
 <Delta>
  <T>
   <T name="Client" pos="1">
    <AC waiting="1"/>
   </T>
  </T>
 </Delta>
</Header>
<Header path="/JobQueues[1]/Queue[10]">
 <Delta>
  <T>
   <T name="Client" pos="1">
    <AC waiting="1"/>
   </T>
  </T>
 </Delta>
</Header>
<Header path="/DFU[1]">
 <Delta>
  <T>
   <T name="XREF" new="1"/>
  </T>
 </Delta>
</Header>
<Header path="/DFU[1]/XREF[1]">
 <Delta>
  <T>
   <AC useSasha="1"/>
  </T>
 </Delta>
</Header>
<Header path="/JobQueues[1]">
 <Delta>
  <T>
   <T localValue="1" name="Queue" new="1">
    <AC count="0" name="thor.thor" state="active"/>
    <T localValue="1" name="Edition" new="1">
     1
    </T>
   </T>
  </T>
 </Delta>
</Header>
<Header path="/Status[1]/Servers[1]">
 <Delta>
  <T>
   <T name="Server" new="1"/>
  </T>
 </Delta>
</Header>
<Header path="/Status[1]/Servers[1]/Server[6]">
 <Delta>
  <T>
   <AC mpport="8877"
       name="SashaServer"
       node="192.168.154.139"
       started="2015-04-02T16:02:47"/>
  </T>
 </Delta>
</Header>
<Header path="/JobQueues[1]">
 <Delta>
  <T>
   <T localValue="1" name="Queue" new="1">
    <AC count="0" name="thor_roxie.thor" state="active"/>
    <T localValue="1" name="Edition" new="1">
     1
    </T>
   </T>
  </T>
 </Delta>
</Header>
<Header path="/Status[1]/Servers[1]">
 <Delta>
  <T>
   <T name="Server" new="1"/>
  </T>
 </Delta>
</Header>
<Header path="/Status[1]/Servers[1]/Server[7]">
 <Delta>
  <T>
   <AC mpport="20000"
       name="ThorMaster"
       node="192.168.154.139"
       started="2015-04-02T16:02:49"/>
  </T>
 </Delta>
</Header>
<Header path="/Status[1]/Servers[1]/Server[7]">
 <Delta>
  <T>
   <AC cluster="mythor"
       nodeGroup="mythor"
       queue="thor.thor,thor_roxie.thor"
       thorname="mythor"/>
   <T localValue="1" name="LogFile" new="1">
    //192.168.154.139/var/log/HPCCSystems/mythor/thormaster.2015_04_02.log
   </T>
  </T>
 </Delta>
</Header>
