<EclSchedulerProcess build="_" daliServers="192.168.154.139:7070" name="myeclscheduler">
  <Directories name="HPCCSystems">
   <Category dir="/var/log/[NAME]/[INST]" name="log"/>
   <Category dir="/var/lib/[NAME]/[INST]" name="run"/>
   <Category dir="/etc/[NAME]/[INST]" name="conf"/>
   <Category dir="/var/lib/[NAME]/[INST]/temp" name="temp"/>
   <Category dir="/var/lib/[NAME]/hpcc-data/[COMPONENT]" name="data"/>
   <Category dir="/var/lib/[NAME]/hpcc-data2/[COMPONENT]" name="data2"/>
   <Category dir="/var/lib/[NAME]/hpcc-data3/[COMPONENT]" name="data3"/>
   <Category dir="/var/lib/[NAME]/hpcc-data4/[COMPONENT]" name="data4"/>
   <Category dir="/var/lib/[NAME]/hpcc-mirror/[COMPONENT]" name="mirror"/>
   <Category dir="/var/lib/[NAME]/queries/[INST]" name="query"/>
   <Category dir="/var/lock/[NAME]/[INST]" name="lock"/>
  </Directories>
</EclSchedulerProcess>
