<?xml version="1.0" encoding="UTF-8"?>
<SASHA name="mysasha" DALISERVERS="192.168.154.139:7070" logDir="." enableSNMP="0" enableSysLog="0" snmpSendWarnings="0" autoRestartInterval="0">
  <Directories name="HPCCSystems">
   <Category dir="/var/log/[NAME]/[INST]" name="log"/>
   <Category dir="/var/lib/[NAME]/[INST]" name="run"/>
   <Category dir="/etc/[NAME]/[INST]" name="conf"/>
   <Category dir="/var/lib/[NAME]/[INST]/temp" name="temp"/>
   <Category dir="/var/lib/[NAME]/hpcc-data/[COMPONENT]" name="data"/>
   <Category dir="/var/lib/[NAME]/hpcc-data2/[COMPONENT]" name="data2"/>
   <Category dir="/var/lib/[NAME]/hpcc-data3/[COMPONENT]" name="data3"/>
   <Category dir="/var/lib/[NAME]/hpcc-data4/[COMPONENT]" name="data4"/>
   <Category dir="/var/lib/[NAME]/hpcc-mirror/[COMPONENT]" name="mirror"/>
   <Category dir="/var/lib/[NAME]/queries/[INST]" name="query"/>
   <Category dir="/var/lock/[NAME]/[INST]" name="lock"/>
  </Directories>
  <LDS rootdir="LDS"/>
  <Archiver>
    <WorkUnits limit="1000" cutoff="8" backup="0" interval="6" at="* * * * *" duration="0" throttle="0" retryinterval="7" keepResultFiles="false"/>
    <DFUrecovery limit="20" cutoff="4" interval="12" at="* * * * *"/>
    <DFUworkunits limit="1000" cutoff="14" interval="24" at="* * * * *" duration="0" throttle="0"/>
    <CachedWorkUnits limit="100" interval="24" at="* * * * *"/>
  </Archiver>
  <Coalescer interval="1" at="* * * * *" minDeltaSize="50000" recoverFromIncErrors="false"/>
  <DfuXRef interval="672" at="* 2 * * *" clusterlist="*" cutoff="1" maxScanThreads="" eclwatchProvider="1" memoryLimit="4096"/>
  <DfuExpiry interval="24" at="* 3 * * *"/>
  <ThorQMon queues="*" interval="1" switchMinTime="0"/>
  <DaFileSrvMonitor interval="0" at="* * * * *" clusterlist="*"/>
</SASHA>
