<RoxieTopology allFilesDynamic="true"
               blindLogging="false"
               blobCacheMem="0"
               build="_"
               callbackRetries="3"
               callbackTimeout="500"
               channelsPerNode="1"
               checkCompleted="true"
               checkFileDate="true"
               clusterWidth="1"
               copyResources="false"
               crcResources="false"
               dafilesrvLookupTimeout="10000"
               daliServers="192.168.154.139:7070"
               debugPermitted="true"
               defaultConcatPreload="0"
               defaultFetchPreload="0"
               defaultFullKeyedJoinPreload="0"
               defaultHighPriorityTimeLimit="0"
               defaultHighPriorityTimeWarning="5000"
               defaultKeyedJoinPreload="0"
               defaultLowPriorityTimeLimit="0"
               defaultLowPriorityTimeWarning="0"
               defaultMemoryLimit="0"
               defaultParallelJoinPreload="0"
               defaultPrefetchProjectPreload="10"
               defaultSLAPriorityTimeLimit="0"
               defaultSLAPriorityTimeWarning="5000"
               defaultStripLeadingWhitespace="1"
               description="Roxie cluster"
               directory="/var/lib/HPCCSystems/myroxie"
               diskReadBufferSize="65536"
               doIbytiDelay="true"
               enableHeartBeat="true"
               enableKeyDiff="true"
               enableSysLog="true"
               fastLaneQueue="true"
               fieldTranslationEnabled="false"
               flushJHtreeCacheOnOOM="true"
               forceStdLog="false"
               highTimeout="2000"
               ignoreMissingFiles="false"
               ignoreOrphans="true"
               indexReadChunkSize="60000"
               initIbytiDelay="100"
               jumboFrames="false"
               lazyOpen="smart"
               leafCacheMem="50"
               linuxYield="false"
               localFilesExpire="-1"
               localSlave="true"
               lockSuperFiles="false"
               logFullQueries="false"
               logQueueDrop="32"
               logQueueLen="512"
               lowTimeout="10000"
               maxBlockSize="10000000"
               maxLocalFilesOpen="4000"
               maxLockAttempts="5"
               maxRemoteFilesOpen="1000"
               memoryStatsInterval="60"
               memTraceLevel="1"
               memTraceSizeLimit="0"
               minFreeDiskSpace="1073741824"
               minIbytiDelay="0"
               minLocalFilesOpen="2000"
               minRemoteFilesOpen="500"
               miscDebugTraceLevel="0"
               monitorDaliFileServer="false"
               multicastBase="239.1.1.1"
               multicastLast="239.1.254.254"
               name="myroxie"
               nodeCacheMem="100"
               nodeCachePreload="false"
               numDataCopies="1"
               parallelAggregate="0"
               perChannelFlowLimit="10"
               pingInterval="60"
               pluginDirectory="/opt/HPCCSystems/plugins/"
               preabortIndexReadsThreshold="100"
               preabortKeyedJoinsThreshold="100"
               preloadOnceData="true"
               querySets="roxie,thor_roxie"
               remoteFilesExpire="3600000"
               roxieMulticastEnabled="true"
               serverSideCacheSize="0"
               serverThreads="30"
               simpleLocalKeyedJoins="true"
               slaTimeout="2000"
               slaveConfig="simple"
               slaveQueryReleaseDelaySeconds="60"
               slaveThreads="30"
               soapTraceLevel="1"
               socketCheckInterval="5000"
               SSHidentityfile="$HOME/.ssh/id_rsa"
               SSHretries="3"
               SSHtimeout="0"
               SSHusername="hpcc"
               statsExpiryTime="3600"
               systemMonitorInterval="60000"
               totalMemoryLimit="1073741824"
               traceLevel="1"
               trapTooManyActiveQueries="true"
               udpFlowSocketsSize="131071"
               udpInlineCollation="false"
               udpInlineCollationPacketLimit="50"
               udpLocalWriteSocketSize="131071"
               udpMaxRetryTimedoutReqs="0"
               udpMaxSlotsPerClient="2147483647"
               udpMulticastBufferSize="131071"
               udpOutQsPriority="0"
               udpQueueSize="100"
               udpRequestToSendTimeout="5"
               udpResendEnabled="false"
               udpRetryBusySenders="0"
               udpSendCompletedInData="false"
               udpSendQueueSize="50"
               udpSnifferEnabled="true"
               udpTraceLevel="1"
               useHardLink="false"
               useLogQueue="true"
               useMemoryMappedIndexes="false"
               useRemoteResources="true"
               useTreeCopy="false">
 <RoxieFarmProcess aclName=""
                   listenQueue="200"
                   numThreads="30"
                   port="9876"
                   requestArrayThreads="5"/>
 <RoxieFarmProcess aclName=""
                   listenQueue="200"
                   numThreads="30"
                   port="0"
                   requestArrayThreads="5"/>
 <Directories name="HPCCSystems">
  <Category dir="/var/log/[NAME]/[INST]" name="log"/>
  <Category dir="/var/lib/[NAME]/[INST]" name="run"/>
  <Category dir="/etc/[NAME]/[INST]" name="conf"/>
  <Category dir="/var/lib/[NAME]/[INST]/temp" name="temp"/>
  <Category dir="/var/lib/[NAME]/hpcc-data/[COMPONENT]" name="data"/>
  <Category dir="/var/lib/[NAME]/hpcc-data2/[COMPONENT]" name="data2"/>
  <Category dir="/var/lib/[NAME]/hpcc-data3/[COMPONENT]" name="data3"/>
  <Category dir="/var/lib/[NAME]/hpcc-data4/[COMPONENT]" name="data4"/>
  <Category dir="/var/lib/[NAME]/hpcc-mirror/[COMPONENT]" name="mirror"/>
  <Category dir="/var/lib/[NAME]/queries/[INST]" name="query"/>
  <Category dir="/var/lock/[NAME]/[INST]" name="lock"/>
 </Directories>
 <RoxieServerProcess netAddress="192.168.154.139"/>
</RoxieTopology>
